Type,Name,Request Count,Failure Count,Median Response Time,Average Response Time,Min Response Time,Max Response Time,Average Content Size,Requests/s,Failures/s,50%,66%,75%,80%,90%,95%,98%,99%,99.9%,99.99%,100%
GET,/users/search?first_name=%D0%90&last_name=%D0%90%D0%BD%D0%B4%D1%80%D0%B5%D0%B5%D0%B2,1,0,90.33239999553189,90.33239999553189,90.33239999553189,90.33239999553189,2.0,0.03193024078452625,0.0,90,90,90,90,90,90,90,90,90,90,90
GET,/users/search?first_name=%D0%90&last_name=%D0%91%D0%B5%D0%BB%D1%8F%D0%B5%D0%B2,1,0,113.64611900353339,113.64611900353339,113.64611900353339,113.64611900353339,2.0,0.03193024078452625,0.0,110,110,110,110,110,110,110,110,110,110,110
GET,/users/search?first_name=%D0%90&last_name=%D0%91%D0%BE%D1%80%D0%B8%D1%81%D0%BE%D0%B2%D0%B0,1,0,103.91460100072436,103.91460100072436,103.91460100072436,103.91460100072436,2.0,0.03193024078452625,0.0,100,100,100,100,100,100,100,100,100,100,100
GET,/users/search?first_name=%D0%90&last_name=%D0%92%D0%B0%D1%81%D0%B8%D0%BB%D1%8C%D0%B5%D0%B2,1,0,73.33859000209486,73.33859000209486,73.33859000209486,73.33859000209486,2.0,0.03193024078452625,0.0,73,73,73,73,73,73,73,73,73,73,73
GET,/users/search?first_name=%D0%90&last_name=%D0%93%D0%BE%D0%BB%D0%BE%D0%B2%D0%B8%D0%BD%D0%B0,1,0,194.82508199871518,194.82508199871518,194.82508199871518,194.82508199871518,2.0,0.03193024078452625,0.0,190,190,190,190,190,190,190,190,190,190,190
GET,/users/search?first_name=%D0%90&last_name=%D0%93%D0%BE%D1%80%D0%B5%D0%BB%D0%BE%D0%B2,1,0,103.43579600157682,103.43579600157682,103.43579600157682,103.43579600157682,2.0,0.03193024078452625,0.0,100,100,100,100,100,100,100,100,100,100,100
GET,/users/search?first_name=%D0%90&last_name=%D0%93%D1%80%D0%B0%D1%87%D0%B5%D0%B2%D0%B0,1,0,111.64284299593419,111.64284299593419,111.64284299593419,111.64284299593419,2.0,0.03193024078452625,0.0,110,110,110,110,110,110,110,110,110,110,110
GET,/users/search?first_name=%D0%90&last_name=%D0%94%D0%B5%D0%BC%D0%B5%D0%BD%D1%82%D1%8C%D0%B5%D0%B2%D0%B0,1,0,81.46411800407805,81.46411800407805,81.46411800407805,81.46411800407805,2.0,0.03193024078452625,0.0,81,81,81,81,81,81,81,81,81,81,81
GET,/users/search?first_name=%D0%90&last_name=%D0%94%D0%B5%D0%BD%D0%B8%D1%81%D0%BE%D0%B2%D0%B0,1,0,147.1171820012387,147.1171820012387,147.1171820012387,147.1171820012387,2.0,0.03193024078452625,0.0,150,150,150,150,150,150,150,150,150,150,150
GET,/users/search?first_name=%D0%90&last_name=%D0%94%D1%83%D0%B1%D1%80%D0%BE%D0%B2%D0%B8%D0%BD,1,0,81.8728540034499,81.8728540034499,81.8728540034499,81.8728540034499,2.0,0.03193024078452625,0.0,82,82,82,82,82,82,82,82,82,82,82
GET,/users/search?first_name=%D0%90&last_name=%D0%97%D0%B0%D1%85%D0%B0%D1%80%D0%BE%D0%B2%D0%B0,1,0,216.94275900517823,216.94275900517823,216.94275900517823,216.94275900517823,2.0,0.03193024078452625,0.0,220,220,220,220,220,220,220,220,220,220,220
GET,/users/search?first_name=%D0%90&last_name=%D0%97%D0%B2%D0%B5%D1%80%D0%B5%D0%B2,1,0,241.70079499890562,241.70079499890562,241.70079499890562,241.70079499890562,2.0,0.03193024078452625,0.0,240,240,240,240,240,240,240,240,240,240,240
GET,/users/search?first_name=%D0%90&last_name=%D0%98%D1%81%D0%B0%D0%B5%D0%B2,1,0,91.39972499542637,91.39972499542637,91.39972499542637,91.39972499542637,2.0,0.03193024078452625,0.0,91,91,91,91,91,91,91,91,91,91,91
GET,/users/search?first_name=%D0%90&last_name=%D0%9A%D0%B0%D0%BB%D0%B8%D0%BD%D0%B8%D0%BD,1,0,76.26830200024415,76.26830200024415,76.26830200024415,76.26830200024415,2.0,0.03193024078452625,0.0,76,76,76,76,76,76,76,76,76,76,76
GET,/users/search?first_name=%D0%90&last_name=%D0%9A%D0%B0%D0%BB%D0%BC%D1%8B%D0%BA%D0%BE%D0%B2,1,0,253.37895499978913,253.37895499978913,253.37895499978913,253.37895499978913,2.0,0.03193024078452625,0.0,250,250,250,250,250,250,250,250,250,250,250
GET,/users/search?first_name=%D0%90&last_name=%D0%9B%D0%B0%D0%B2%D1%80%D0%BE%D0%B2,1,0,89.090933004627,89.090933004627,89.090933004627,89.090933004627,2.0,0.03193024078452625,0.0,89,89,89,89,89,89,89,89,89,89,89
GET,/users/search?first_name=%D0%90&last_name=%D0%9B%D0%B0%D1%80%D0%B8%D0%BE%D0%BD%D0%BE%D0%B2%D0%B0,1,0,201.50509499944746,201.50509499944746,201.50509499944746,201.50509499944746,2.0,0.03193024078452625,0.0,200,200,200,200,200,200,200,200,200,200,200
GET,/users/search?first_name=%D0%90&last_name=%D0%9B%D0%B0%D1%82%D1%8B%D1%88%D0%B5%D0%B2%D0%B0,1,0,95.33283100608969,95.33283100608969,95.33283100608969,95.33283100608969,2.0,0.03193024078452625,0.0,95,95,95,95,95,95,95,95,95,95,95
GET,/users/search?first_name=%D0%90&last_name=%D0%9C%D0%B0%D1%82%D0%B2%D0%B5%D0%B5%D0%B2,1,0,231.14566400181502,231.14566400181502,231.14566400181502,231.14566400181502,2.0,0.03193024078452625,0.0,230,230,230,230,230,230,230,230,230,230,230
GET,/users/search?first_name=%D0%90&last_name=%D0%9D%D0%B5%D1%81%D1%82%D0%B5%D1%80%D0%BE%D0%B2%D0%B0,1,0,164.8186070015072,164.8186070015072,164.8186070015072,164.8186070015072,2.0,0.03193024078452625,0.0,160,160,160,160,160,160,160,160,160,160,160
GET,/users/search?first_name=%D0%90&last_name=%D0%9D%D0%B8%D0%BA%D0%B8%D1%82%D0%B8%D0%BD,1,0,269.1634119983064,269.1634119983064,269.1634119983064,269.1634119983064,2.0,0.03193024078452625,0.0,270,270,270,270,270,270,270,270,270,270,270
GET,/users/search?first_name=%D0%90&last_name=%D0%9D%D0%B8%D0%BA%D0%BE%D0%BD%D0%BE%D0%B2,1,0,93.30061400396517,93.30061400396517,93.30061400396517,93.30061400396517,2.0,0.03193024078452625,0.0,93,93,93,93,93,93,93,93,93,93,93
GET,/users/search?first_name=%D0%90&last_name=%D0%9F%D0%BE%D1%82%D0%B0%D0%BF%D0%BE%D0%B2%D0%B0,1,0,125.77311499626376,125.77311499626376,125.77311499626376,125.77311499626376,2.0,0.03193024078452625,0.0,130,130,130,130,130,130,130,130,130,130,130
GET,/users/search?first_name=%D0%90&last_name=%D0%A1%D0%BC%D0%B8%D1%80%D0%BD%D0%BE%D0%B2,1,0,121.03759199817432,121.03759199817432,121.03759199817432,121.03759199817432,2.0,0.03193024078452625,0.0,120,120,120,120,120,120,120,120,120,120,120
GET,/users/search?first_name=%D0%90&last_name=%D0%A1%D0%BE%D0%BB%D0%BE%D0%B2%D1%8C%D0%B5%D0%B2%D0%B0,1,0,87.24940499814693,87.24940499814693,87.24940499814693,87.24940499814693,2.0,0.03193024078452625,0.0,87,87,87,87,87,87,87,87,87,87,87
GET,/users/search?first_name=%D0%90&last_name=%D0%A1%D0%BE%D1%84%D1%80%D0%BE%D0%BD%D0%BE%D0%B2%D0%B0,1,0,177.74026400002185,177.74026400002185,177.74026400002185,177.74026400002185,2.0,0.03193024078452625,0.0,180,180,180,180,180,180,180,180,180,180,180
GET,/users/search?first_name=%D0%90&last_name=%D0%A2%D0%BE%D0%BA%D0%B0%D1%80%D0%B5%D0%B2%D0%B0,1,0,87.16656900651287,87.16656900651287,87.16656900651287,87.16656900651287,2.0,0.03193024078452625,0.0,87,87,87,87,87,87,87,87,87,87,87
GET,/users/search?first_name=%D0%90&last_name=%D0%A4%D0%B8%D0%BB%D0%B8%D0%BF%D0%BF%D0%BE%D0%B2%D0%B0,1,0,89.5190340015688,89.5190340015688,89.5190340015688,89.5190340015688,2.0,0.03193024078452625,0.0,90,90,90,90,90,90,90,90,90,90,90
GET,/users/search?first_name=%D0%90&last_name=%D0%A5%D0%BE%D1%85%D0%BB%D0%BE%D0%B2,1,0,69.36827200115658,69.36827200115658,69.36827200115658,69.36827200115658,2.0,0.03193024078452625,0.0,69,69,69,69,69,69,69,69,69,69,69
GET,/users/search?first_name=%D0%90&last_name=%D0%A7%D0%B5%D1%80%D0%BD%D0%BE%D0%B2%D0%B0,1,0,78.21879599941894,78.21879599941894,78.21879599941894,78.21879599941894,2.0,0.03193024078452625,0.0,78,78,78,78,78,78,78,78,78,78,78
GET,/users/search?first_name=%D0%90&last_name=%D0%A9%D0%B5%D1%80%D0%B1%D0%B0%D0%BA%D0%BE%D0%B2%D0%B0,1,0,80.52503000362776,80.52503000362776,80.52503000362776,80.52503000362776,2.0,0.03193024078452625,0.0,81,81,81,81,81,81,81,81,81,81,81
GET,/users/search?first_name=%D0%91&last_name=%D0%93%D1%80%D0%BE%D0%BC%D0%BE%D0%B2,1,0,156.97655500116525,156.97655500116525,156.97655500116525,156.97655500116525,2.0,0.03193024078452625,0.0,160,160,160,160,160,160,160,160,160,160,160
GET,/users/search?first_name=%D0%91&last_name=%D0%98%D0%B2%D0%B0%D0%BD%D0%BE%D0%B2,1,0,70.4895029994077,70.4895029994077,70.4895029994077,70.4895029994077,2.0,0.03193024078452625,0.0,70,70,70,70,70,70,70,70,70,70,70
GET,/users/search?first_name=%D0%92&last_name=%D0%91%D0%B0%D0%B6%D0%B5%D0%BD%D0%BE%D0%B2,1,0,88.1588219999685,88.1588219999685,88.1588219999685,88.1588219999685,2.0,0.03193024078452625,0.0,88,88,88,88,88,88,88,88,88,88,88
GET,/users/search?first_name=%D0%92&last_name=%D0%91%D0%B5%D0%BB%D0%B8%D0%BA%D0%BE%D0%B2%D0%B0,1,0,111.47854600130813,111.47854600130813,111.47854600130813,111.47854600130813,2.0,0.03193024078452625,0.0,110,110,110,110,110,110,110,110,110,110,110
GET,/users/search?first_name=%D0%92&last_name=%D0%91%D1%83%D1%80%D0%BE%D0%B2%D0%B0,1,0,89.33367899589939,89.33367899589939,89.33367899589939,89.33367899589939,2.0,0.03193024078452625,0.0,89,89,89,89,89,89,89,89,89,89,89
GET,/users/search?first_name=%D0%92&last_name=%D0%92%D0%B0%D1%81%D0%B8%D0%BB%D1%8C%D0%B5%D0%B2,1,0,257.909906002169,257.909906002169,257.909906002169,257.909906002169,2.0,0.03193024078452625,0.0,260,260,260,260,260,260,260,260,260,260,260
GET,/users/search?first_name=%D0%92&last_name=%D0%92%D0%BE%D0%BB%D0%BA%D0%BE%D0%B2%D0%B0,2,0,76,76.65209349943325,75.803227002325,77.5009599965415,2.0,0.0638604815690525,0.0,78,78,78,78,78,78,78,78,78,78,78
GET,/users/search?first_name=%D0%92&last_name=%D0%93%D0%BE%D1%80%D1%88%D0%BA%D0%BE%D0%B2%D0%B0,1,0,116.26833399350289,116.26833399350289,116.26833399350289,116.26833399350289,2.0,0.03193024078452625,0.0,120,120,120,120,120,120,120,120,120,120,120
GET,/users/search?first_name=%D0%92&last_name=%D0%94%D0%B0%D0%BD%D0%B8%D0%BB%D0%BE%D0%B2%D0%B0,1,0,112.43727499822853,112.43727499822853,112.43727499822853,112.43727499822853,2.0,0.03193024078452625,0.0,110,110,110,110,110,110,110,110,110,110,110
GET,/users/search?first_name=%D0%92&last_name=%D0%95%D1%80%D0%BC%D0%B0%D0%BA%D0%BE%D0%B2%D0%B0,1,0,144.59601400449174,144.59601400449174,144.59601400449174,144.59601400449174,2.0,0.03193024078452625,0.0,140,140,140,140,140,140,140,140,140,140,140
GET,/users/search?first_name=%D0%92&last_name=%D0%95%D1%84%D1%80%D0%B5%D0%BC%D0%BE%D0%B2,1,0,132.2462190000806,132.2462190000806,132.2462190000806,132.2462190000806,2.0,0.03193024078452625,0.0,130,130,130,130,130,130,130,130,130,130,130
GET,/users/search?first_name=%D0%92&last_name=%D0%98%D0%B2%D0%B0%D0%BD%D0%BE%D0%B2%D0%B0,3,0,120.0,174.80335866760774,73.49574600084452,327.2118690001662,2.0,0.09579072235357874,0.0,120,120,330,330,330,330,330,330,330,330,330
GET,/users/search?first_name=%D0%92&last_name=%D0%9A%D0%B0%D0%BB%D0%BC%D1%8B%D0%BA%D0%BE%D0%B2%D0%B0,1,0,136.12623600056395,136.12623600056395,136.12623600056395,136.12623600056395,2.0,0.03193024078452625,0.0,140,140,140,140,140,140,140,140,140,140,140
GET,/users/search?first_name=%D0%92&last_name=%D0%9A%D0%B0%D1%80%D0%B0%D1%81%D0%B5%D0%B2%D0%B0,1,0,77.01200200244784,77.01200200244784,77.01200200244784,77.01200200244784,2.0,0.03193024078452625,0.0,77,77,77,77,77,77,77,77,77,77,77
GET,/users/search?first_name=%D0%92&last_name=%D0%9A%D0%B0%D1%80%D0%BF%D0%BE%D0%B2%D0%B0,1,0,71.02687500446336,71.02687500446336,71.02687500446336,71.02687500446336,2.0,0.03193024078452625,0.0,71,71,71,71,71,71,71,71,71,71,71
GET,/users/search?first_name=%D0%92&last_name=%D0%9A%D0%B0%D1%81%D1%8C%D1%8F%D0%BD%D0%BE%D0%B2,1,0,193.86508699972183,193.86508699972183,193.86508699972183,193.86508699972183,2.0,0.03193024078452625,0.0,190,190,190,190,190,190,190,190,190,190,190
GET,/users/search?first_name=%D0%92&last_name=%D0%9A%D0%BE%D0%B7%D0%BB%D0%BE%D0%B2%D1%81%D0%BA%D0%B8%D0%B9,1,0,84.09024400316412,84.09024400316412,84.09024400316412,84.09024400316412,2.0,0.03193024078452625,0.0,84,84,84,84,84,84,84,84,84,84,84
GET,/users/search?first_name=%D0%92&last_name=%D0%9A%D1%83%D0%B4%D1%80%D1%8F%D0%B2%D1%86%D0%B5%D0%B2%D0%B0,1,0,84.61892500054091,84.61892500054091,84.61892500054091,84.61892500054091,2.0,0.03193024078452625,0.0,85,85,85,85,85,85,85,85,85,85,85
GET,/users/search?first_name=%D0%92&last_name=%D0%9B%D0%B0%D0%B2%D1%80%D0%B5%D0%BD%D1%82%D1%8C%D0%B5%D0%B2%D0%B0,1,0,71.60743299755268,71.60743299755268,71.60743299755268,71.60743299755268,2.0,0.03193024078452625,0.0,72,72,72,72,72,72,72,72,72,72,72
GET,/users/search?first_name=%D0%92&last_name=%D0%9B%D1%83%D0%BA%D0%B8%D0%BD,1,0,69.86390000383835,69.86390000383835,69.86390000383835,69.86390000383835,2.0,0.03193024078452625,0.0,70,70,70,70,70,70,70,70,70,70,70
GET,/users/search?first_name=%D0%92&last_name=%D0%9C%D0%B0%D0%BA%D0%B5%D0%B5%D0%B2%D0%B0,1,0,70.09831599862082,70.09831599862082,70.09831599862082,70.09831599862082,2.0,0.03193024078452625,0.0,70,70,70,70,70,70,70,70,70,70,70
GET,/users/search?first_name=%D0%92&last_name=%D0%9D%D0%B5%D0%BA%D1%80%D0%B0%D1%81%D0%BE%D0%B2%D0%B0,1,0,81.89252200099872,81.89252200099872,81.89252200099872,81.89252200099872,2.0,0.03193024078452625,0.0,82,82,82,82,82,82,82,82,82,82,82
GET,/users/search?first_name=%D0%92&last_name=%D0%9D%D0%B8%D0%BA%D0%B8%D1%82%D0%B8%D0%BD,1,0,297.3370399995474,297.3370399995474,297.3370399995474,297.3370399995474,2.0,0.03193024078452625,0.0,300,300,300,300,300,300,300,300,300,300,300
GET,/users/search?first_name=%D0%92&last_name=%D0%9D%D0%B8%D0%BA%D0%BE%D0%BB%D0%B0%D0%B5%D0%B2%D0%B0,1,0,87.55244500207482,87.55244500207482,87.55244500207482,87.55244500207482,2.0,0.03193024078452625,0.0,88,88,88,88,88,88,88,88,88,88,88
GET,/users/search?first_name=%D0%92&last_name=%D0%9E%D1%80%D0%BB%D0%BE%D0%B2%D0%B0,1,0,154.94148500147276,154.94148500147276,154.94148500147276,154.94148500147276,2.0,0.03193024078452625,0.0,150,150,150,150,150,150,150,150,150,150,150
GET,/users/search?first_name=%D0%92&last_name=%D0%9F%D0%B0%D0%B2%D0%BB%D0%BE%D0%B2,1,0,224.3250769970473,224.3250769970473,224.3250769970473,224.3250769970473,2.0,0.03193024078452625,0.0,220,220,220,220,220,220,220,220,220,220,220
GET,/users/search?first_name=%D0%92&last_name=%D0%9F%D0%BE%D0%BF%D0%BE%D0%B2%D0%B0,1,0,69.12135000311537,69.12135000311537,69.12135000311537,69.12135000311537,2.0,0.03193024078452625,0.0,69,69,69,69,69,69,69,69,69,69,69
GET,/users/search?first_name=%D0%92&last_name=%D0%A1%D0%B8%D0%B4%D0%BE%D1%80%D0%BE%D0%B2%D0%B0,1,0,152.02965399657842,152.02965399657842,152.02965399657842,152.02965399657842,2.0,0.03193024078452625,0.0,150,150,150,150,150,150,150,150,150,150,150
GET,/users/search?first_name=%D0%92&last_name=%D0%A2%D1%80%D0%BE%D1%84%D0%B8%D0%BC%D0%BE%D0%B2%D0%B0,1,0,258.87144199805334,258.87144199805334,258.87144199805334,258.87144199805334,2.0,0.03193024078452625,0.0,260,260,260,260,260,260,260,260,260,260,260
GET,/users/search?first_name=%D0%92&last_name=%D0%A9%D0%B5%D1%80%D0%B1%D0%B0%D0%BA%D0%BE%D0%B2%D0%B0,1,0,119.77813499834156,119.77813499834156,119.77813499834156,119.77813499834156,2.0,0.03193024078452625,0.0,120,120,120,120,120,120,120,120,120,120,120
GET,/users/search?first_name=%D0%92&last_name=%D0%AF%D0%BA%D0%BE%D0%B2%D0%BB%D0%B5%D0%B2,1,0,72.10934899921995,72.10934899921995,72.10934899921995,72.10934899921995,2.0,0.03193024078452625,0.0,72,72,72,72,72,72,72,72,72,72,72
GET,/users/search?first_name=%D0%93&last_name=%D0%9A%D0%B0%D0%B7%D0%B0%D0%BA%D0%BE%D0%B2,1,0,119.02924699825235,119.02924699825235,119.02924699825235,119.02924699825235,2.0,0.03193024078452625,0.0,120,120,120,120,120,120,120,120,120,120,120
GET,/users/search?first_name=%D0%93&last_name=%D0%9A%D0%BE%D1%81%D0%B0%D1%80%D0%B5%D0%B2,1,0,110.64051099674543,110.64051099674543,110.64051099674543,110.64051099674543,2.0,0.03193024078452625,0.0,110,110,110,110,110,110,110,110,110,110,110
GET,/users/search?first_name=%D0%93&last_name=%D0%9D%D0%B5%D1%87%D0%B0%D0%B5%D0%B2,1,0,178.9001239958452,178.9001239958452,178.9001239958452,178.9001239958452,2.0,0.03193024078452625,0.0,180,180,180,180,180,180,180,180,180,180,180
GET,/users/search?first_name=%D0%93&last_name=%D0%9F%D0%BE%D0%BD%D0%BE%D0%BC%D0%B0%D1%80%D0%B5%D0%B2,1,0,127.9054400001769,127.9054400001769,127.9054400001769,127.9054400001769,2.0,0.03193024078452625,0.0,130,130,130,130,130,130,130,130,130,130,130
GET,/users/search?first_name=%D0%94&last_name=%D0%90%D0%BD%D0%B4%D1%80%D0%B5%D0%B5%D0%B2%D0%B0,1,0,111.06841600121697,111.06841600121697,111.06841600121697,111.06841600121697,2.0,0.03193024078452625,0.0,110,110,110,110,110,110,110,110,110,110,110
GET,/users/search?first_name=%D0%94&last_name=%D0%92%D0%B0%D1%81%D0%B8%D0%BB%D1%8C%D0%B5%D0%B2,1,0,85.14504799677525,85.14504799677525,85.14504799677525,85.14504799677525,2.0,0.03193024078452625,0.0,85,85,85,85,85,85,85,85,85,85,85
GET,/users/search?first_name=%D0%94&last_name=%D0%92%D1%8B%D1%81%D0%BE%D1%86%D0%BA%D0%B0%D1%8F,1,0,117.32498800120084,117.32498800120084,117.32498800120084,117.32498800120084,2.0,0.03193024078452625,0.0,120,120,120,120,120,120,120,120,120,120,120
GET,/users/search?first_name=%D0%94&last_name=%D0%95%D1%84%D1%80%D0%B5%D0%BC%D0%BE%D0%B2%D0%B0,1,0,143.59892200445756,143.59892200445756,143.59892200445756,143.59892200445756,2.0,0.03193024078452625,0.0,140,140,140,140,140,140,140,140,140,140,140
GET,/users/search?first_name=%D0%94&last_name=%D0%9A%D0%BE%D0%BC%D0%B0%D1%80%D0%BE%D0%B2,1,0,80.8105979958782,80.8105979958782,80.8105979958782,80.8105979958782,2.0,0.03193024078452625,0.0,81,81,81,81,81,81,81,81,81,81,81
GET,/users/search?first_name=%D0%94&last_name=%D0%9C%D0%B5%D0%BB%D1%8C%D0%BD%D0%B8%D0%BA%D0%BE%D0%B2%D0%B0,1,0,128.65241799590876,128.65241799590876,128.65241799590876,128.65241799590876,2.0,0.03193024078452625,0.0,130,130,130,130,130,130,130,130,130,130,130
GET,/users/search?first_name=%D0%94&last_name=%D0%9C%D0%BE%D1%80%D0%BE%D0%B7%D0%BE%D0%B2,1,0,127.85434399847873,127.85434399847873,127.85434399847873,127.85434399847873,2.0,0.03193024078452625,0.0,130,130,130,130,130,130,130,130,130,130,130
GET,/users/search?first_name=%D0%94&last_name=%D0%A0%D1%8B%D0%B1%D0%B0%D0%BA%D0%BE%D0%B2,1,0,190.79153799975757,190.79153799975757,190.79153799975757,190.79153799975757,2.0,0.03193024078452625,0.0,190,190,190,190,190,190,190,190,190,190,190
GET,/users/search?first_name=%D0%94&last_name=%D0%A1%D0%B0%D0%BC%D1%81%D0%BE%D0%BD%D0%BE%D0%B2,1,0,116.17666800157167,116.17666800157167,116.17666800157167,116.17666800157167,2.0,0.03193024078452625,0.0,120,120,120,120,120,120,120,120,120,120,120
GET,/users/search?first_name=%D0%94&last_name=%D0%A1%D0%B5%D1%80%D0%B5%D0%B1%D1%80%D1%8F%D0%BA%D0%BE%D0%B2%D0%B0,1,0,152.11447099864017,152.11447099864017,152.11447099864017,152.11447099864017,2.0,0.03193024078452625,0.0,150,150,150,150,150,150,150,150,150,150,150
GET,/users/search?first_name=%D0%94&last_name=%D0%A1%D0%B8%D0%BC%D0%BE%D0%BD%D0%BE%D0%B2%D0%B0,1,0,113.07521900016582,113.07521900016582,113.07521900016582,113.07521900016582,2.0,0.03193024078452625,0.0,110,110,110,110,110,110,110,110,110,110,110
GET,/users/search?first_name=%D0%94&last_name=%D0%A8%D0%B2%D0%B5%D1%86%D0%BE%D0%B2,1,0,117.26924300455721,117.26924300455721,117.26924300455721,117.26924300455721,2.0,0.03193024078452625,0.0,120,120,120,120,120,120,120,120,120,120,120
GET,/users/search?first_name=%D0%95&last_name=%D0%90%D1%80%D1%85%D0%B8%D0%BF%D0%BE%D0%B2,1,0,151.03848699800437,151.03848699800437,151.03848699800437,151.03848699800437,2.0,0.03193024078452625,0.0,150,150,150,150,150,150,150,150,150,150,150
GET,/users/search?first_name=%D0%95&last_name=%D0%91%D0%BE%D0%B3%D0%B4%D0%B0%D0%BD%D0%BE%D0%B2%D0%B0,1,0,122.34777899720939,122.34777899720939,122.34777899720939,122.34777899720939,2.0,0.03193024078452625,0.0,120,120,120,120,120,120,120,120,120,120,120
GET,/users/search?first_name=%D0%95&last_name=%D0%92%D0%B5%D1%80%D0%B5%D1%89%D0%B0%D0%B3%D0%B8%D0%BD%D0%B0,1,0,104.53593399870442,104.53593399870442,104.53593399870442,104.53593399870442,2.0,0.03193024078452625,0.0,100,100,100,100,100,100,100,100,100,100,100
GET,/users/search?first_name=%D0%95&last_name=%D0%93%D1%80%D0%B0%D1%87%D0%B5%D0%B2,1,0,156.67304600356147,156.67304600356147,156.67304600356147,156.67304600356147,2.0,0.03193024078452625,0.0,160,160,160,160,160,160,160,160,160,160,160
GET,/users/search?first_name=%D0%95&last_name=%D0%96%D1%83%D0%BA%D0%BE%D0%B2%D0%B0,1,0,171.37498000374762,171.37498000374762,171.37498000374762,171.37498000374762,2.0,0.03193024078452625,0.0,170,170,170,170,170,170,170,170,170,170,170
GET,/users/search?first_name=%D0%95&last_name=%D0%9A%D0%BE%D0%B7%D0%BB%D0%BE%D0%B2,1,0,83.28257800167194,83.28257800167194,83.28257800167194,83.28257800167194,2.0,0.03193024078452625,0.0,83,83,83,83,83,83,83,83,83,83,83
GET,/users/search?first_name=%D0%95&last_name=%D0%9C%D0%B0%D1%82%D0%B2%D0%B5%D0%B5%D0%B2,1,0,187.50969599932432,187.50969599932432,187.50969599932432,187.50969599932432,2.0,0.03193024078452625,0.0,190,190,190,190,190,190,190,190,190,190,190
GET,/users/search?first_name=%D0%95&last_name=%D0%9C%D0%BE%D0%BB%D1%87%D0%B0%D0%BD%D0%BE%D0%B2,1,0,197.22064899542602,197.22064899542602,197.22064899542602,197.22064899542602,2.0,0.03193024078452625,0.0,200,200,200,200,200,200,200,200,200,200,200
GET,/users/search?first_name=%D0%95&last_name=%D0%9F%D0%BB%D0%BE%D1%82%D0%BD%D0%B8%D0%BA%D0%BE%D0%B2%D0%B0,1,0,112.36685799667612,112.36685799667612,112.36685799667612,112.36685799667612,2.0,0.03193024078452625,0.0,110,110,110,110,110,110,110,110,110,110,110
GET,/users/search?first_name=%D0%95&last_name=%D0%9F%D0%BE%D0%BF%D0%BE%D0%B2%D0%B0,1,0,88.48872599628521,88.48872599628521,88.48872599628521,88.48872599628521,2.0,0.03193024078452625,0.0,88,88,88,88,88,88,88,88,88,88,88
GET,/users/search?first_name=%D0%95&last_name=%D0%A4%D0%B5%D0%B4%D0%BE%D1%80%D0%BE%D0%B2%D0%B0,1,0,131.4625180020812,131.4625180020812,131.4625180020812,131.4625180020812,2.0,0.03193024078452625,0.0,130,130,130,130,130,130,130,130,130,130,130
GET,/users/search?first_name=%D0%95&last_name=%D0%A8%D0%B5%D1%81%D1%82%D0%B0%D0%BA%D0%BE%D0%B2%D0%B0,1,0,262.9231009996147,262.9231009996147,262.9231009996147,262.9231009996147,2.0,0.03193024078452625,0.0,260,260,260,260,260,260,260,260,260,260,260
GET,/users/search?first_name=%D0%97&last_name=%D0%A0%D0%BE%D0%B4%D0%B8%D0%BE%D0%BD%D0%BE%D0%B2%D0%B0,1,0,109.04687500442378,109.04687500442378,109.04687500442378,109.04687500442378,2.0,0.03193024078452625,0.0,110,110,110,110,110,110,110,110,110,110,110
GET,/users/search?first_name=%D0%98&last_name=%D0%93%D0%B5%D1%80%D0%B0%D1%81%D0%B8%D0%BC%D0%BE%D0%B2,1,0,87.47292200132506,87.47292200132506,87.47292200132506,87.47292200132506,2.0,0.03193024078452625,0.0,87,87,87,87,87,87,87,87,87,87,87
GET,/users/search?first_name=%D0%98&last_name=%D0%94%D0%BC%D0%B8%D1%82%D1%80%D0%B8%D0%B5%D0%B2,1,0,109.01914999703877,109.01914999703877,109.01914999703877,109.01914999703877,2.0,0.03193024078452625,0.0,110,110,110,110,110,110,110,110,110,110,110
GET,/users/search?first_name=%D0%98&last_name=%D0%95%D1%84%D0%B8%D0%BC%D0%BE%D0%B2,1,0,110.0576229946455,110.0576229946455,110.0576229946455,110.0576229946455,2.0,0.03193024078452625,0.0,110,110,110,110,110,110,110,110,110,110,110
GET,/users/search?first_name=%D0%98&last_name=%D0%97%D0%B0%D0%B2%D1%8C%D1%8F%D0%BB%D0%BE%D0%B2,1,0,105.09809700306505,105.09809700306505,105.09809700306505,105.09809700306505,2.0,0.03193024078452625,0.0,110,110,110,110,110,110,110,110,110,110,110
GET,/users/search?first_name=%D0%98&last_name=%D0%9A%D0%B0%D0%B7%D0%B0%D0%BA%D0%BE%D0%B2%D0%B0,1,0,143.8181839985191,143.8181839985191,143.8181839985191,143.8181839985191,2.0,0.03193024078452625,0.0,140,140,140,140,140,140,140,140,140,140,140
GET,/users/search?first_name=%D0%98&last_name=%D0%9E%D0%B2%D1%81%D1%8F%D0%BD%D0%BD%D0%B8%D0%BA%D0%BE%D0%B2,1,0,236.07941199588822,236.07941199588822,236.07941199588822,236.07941199588822,2.0,0.03193024078452625,0.0,240,240,240,240,240,240,240,240,240,240,240
GET,/users/search?first_name=%D0%98&last_name=%D0%A1%D0%BC%D0%B8%D1%80%D0%BD%D0%BE%D0%B2,1,0,84.76774200244108,84.76774200244108,84.76774200244108,84.76774200244108,2.0,0.03193024078452625,0.0,85,85,85,85,85,85,85,85,85,85,85
GET,/users/search?first_name=%D0%98&last_name=%D0%A2%D0%BE%D0%BB%D0%BA%D0%B0%D1%87%D0%B5%D0%B2,1,0,155.31948099669535,155.31948099669535,155.31948099669535,155.31948099669535,2.0,0.03193024078452625,0.0,160,160,160,160,160,160,160,160,160,160,160
GET,/users/search?first_name=%D0%9A&last_name=%D0%90%D0%BD%D0%B4%D1%80%D0%B8%D0%B0%D0%BD%D0%BE%D0%B2%D0%B0,1,0,172.54777299967827,172.54777299967827,172.54777299967827,172.54777299967827,2.0,0.03193024078452625,0.0,170,170,170,170,170,170,170,170,170,170,170
GET,/users/search?first_name=%D0%9A&last_name=%D0%91%D0%B0%D1%81%D0%BE%D0%B2%D0%B0,1,0,77.79137400211766,77.79137400211766,77.79137400211766,77.79137400211766,2.0,0.03193024078452625,0.0,78,78,78,78,78,78,78,78,78,78,78
GET,/users/search?first_name=%D0%9A&last_name=%D0%91%D0%B5%D0%BB%D0%BE%D0%B2%D0%B0,1,0,136.90102699911222,136.90102699911222,136.90102699911222,136.90102699911222,2.0,0.03193024078452625,0.0,140,140,140,140,140,140,140,140,140,140,140
GET,/users/search?first_name=%D0%9A&last_name=%D0%93%D0%B0%D0%B2%D1%80%D0%B8%D0%BB%D0%BE%D0%B2%D0%B0,1,0,141.35353500023484,141.35353500023484,141.35353500023484,141.35353500023484,2.0,0.03193024078452625,0.0,140,140,140,140,140,140,140,140,140,140,140
GET,/users/search?first_name=%D0%9A&last_name=%D0%95%D0%B2%D1%81%D0%B5%D0%B5%D0%B2%D0%B0,1,0,101.36456300097052,101.36456300097052,101.36456300097052,101.36456300097052,2.0,0.03193024078452625,0.0,100,100,100,100,100,100,100,100,100,100,100
GET,/users/search?first_name=%D0%9A&last_name=%D0%95%D1%80%D1%88%D0%BE%D0%B2%D0%B0,1,0,123.01873000251362,123.01873000251362,123.01873000251362,123.01873000251362,2.0,0.03193024078452625,0.0,120,120,120,120,120,120,120,120,120,120,120
GET,/users/search?first_name=%D0%9A&last_name=%D0%97%D0%B0%D0%B9%D1%86%D0%B5%D0%B2,1,0,85.80120700207772,85.80120700207772,85.80120700207772,85.80120700207772,2.0,0.03193024078452625,0.0,86,86,86,86,86,86,86,86,86,86,86
GET,/users/search?first_name=%D0%9A&last_name=%D0%9C%D0%B0%D1%80%D0%BA%D0%B8%D0%BD%D0%B0,1,0,114.30632400151808,114.30632400151808,114.30632400151808,114.30632400151808,2.0,0.03193024078452625,0.0,110,110,110,110,110,110,110,110,110,110,110
GET,/users/search?first_name=%D0%9A&last_name=%D0%9C%D0%B5%D0%BB%D1%8C%D0%BD%D0%B8%D0%BA%D0%BE%D0%B2%D0%B0,1,0,135.1480039957096,135.1480039957096,135.1480039957096,135.1480039957096,2.0,0.03193024078452625,0.0,140,140,140,140,140,140,140,140,140,140,140
GET,/users/search?first_name=%D0%9A&last_name=%D0%A0%D1%83%D0%BC%D1%8F%D0%BD%D1%86%D0%B5%D0%B2%D0%B0,1,0,115.09299599856604,115.09299599856604,115.09299599856604,115.09299599856604,2.0,0.03193024078452625,0.0,120,120,120,120,120,120,120,120,120,120,120
GET,/users/search?first_name=%D0%9B&last_name=%D0%90%D0%BD%D0%B8%D0%BA%D0%B8%D0%BD,1,0,75.94204199995147,75.94204199995147,75.94204199995147,75.94204199995147,2.0,0.03193024078452625,0.0,76,76,76,76,76,76,76,76,76,76,76
GET,/users/search?first_name=%D0%9B&last_name=%D0%90%D1%84%D0%B0%D0%BD%D0%B0%D1%81%D1%8C%D0%B5%D0%B2,1,0,295.51134800567525,295.51134800567525,295.51134800567525,295.51134800567525,2.0,0.03193024078452625,0.0,300,300,300,300,300,300,300,300,300,300,300
GET,/users/search?first_name=%D0%9B&last_name=%D0%97%D0%B0%D1%85%D0%B0%D1%80%D0%BE%D0%B2,1,0,108.39458700502291,108.39458700502291,108.39458700502291,108.39458700502291,2.0,0.03193024078452625,0.0,110,110,110,110,110,110,110,110,110,110,110
GET,/users/search?first_name=%D0%9B&last_name=%D0%9A%D0%B0%D0%BB%D0%B8%D0%BD%D0%B8%D0%BD%D0%B0,1,0,109.2665960022714,109.2665960022714,109.2665960022714,109.2665960022714,2.0,0.03193024078452625,0.0,110,110,110,110,110,110,110,110,110,110,110
GET,/users/search?first_name=%D0%9B&last_name=%D0%9A%D0%BE%D1%80%D0%BE%D1%82%D0%BA%D0%BE%D0%B2,1,0,258.49525800003903,258.49525800003903,258.49525800003903,258.49525800003903,2.0,0.03193024078452625,0.0,260,260,260,260,260,260,260,260,260,260,260
GET,/users/search?first_name=%D0%9C&last_name=%D0%92%D0%BE%D1%80%D0%BE%D0%BD%D0%B8%D0%BD,1,0,103.97855399787659,103.97855399787659,103.97855399787659,103.97855399787659,2.0,0.03193024078452625,0.0,100,100,100,100,100,100,100,100,100,100,100
GET,/users/search?first_name=%D0%9C&last_name=%D0%94%D0%BC%D0%B8%D1%82%D1%80%D0%B8%D0%B5%D0%B2%D0%B0,1,0,110.79913499997929,110.79913499997929,110.79913499997929,110.79913499997929,2.0,0.03193024078452625,0.0,110,110,110,110,110,110,110,110,110,110,110
GET,/users/search?first_name=%D0%9C&last_name=%D0%95%D1%80%D0%B5%D0%BC%D0%B8%D0%BD,1,0,178.43174700101372,178.43174700101372,178.43174700101372,178.43174700101372,2.0,0.03193024078452625,0.0,180,180,180,180,180,180,180,180,180,180,180
GET,/users/search?first_name=%D0%9C&last_name=%D0%95%D1%84%D0%B8%D0%BC%D0%BE%D0%B2%D0%B0,1,0,198.39651700021932,198.39651700021932,198.39651700021932,198.39651700021932,2.0,0.03193024078452625,0.0,200,200,200,200,200,200,200,200,200,200,200
GET,/users/search?first_name=%D0%9C&last_name=%D0%97%D0%B0%D0%B9%D1%86%D0%B5%D0%B2,1,0,142.39530899794772,142.39530899794772,142.39530899794772,142.39530899794772,2.0,0.03193024078452625,0.0,140,140,140,140,140,140,140,140,140,140,140
GET,/users/search?first_name=%D0%9C&last_name=%D0%98%D0%B2%D0%B0%D0%BD%D0%BE%D0%B2%D0%B0,1,0,119.29369699646486,119.29369699646486,119.29369699646486,119.29369699646486,2.0,0.03193024078452625,0.0,120,120,120,120,120,120,120,120,120,120,120
GET,/users/search?first_name=%D0%9C&last_name=%D0%9A%D0%BE%D0%B2%D0%B0%D0%BB%D0%B5%D0%B2,1,0,102.40411300037522,102.40411300037522,102.40411300037522,102.40411300037522,2.0,0.03193024078452625,0.0,100,100,100,100,100,100,100,100,100,100,100
GET,/users/search?first_name=%D0%9C&last_name=%D0%9A%D0%BE%D0%B7%D0%BB%D0%BE%D0%B2%D0%B0,1,0,166.9479339980171,166.9479339980171,166.9479339980171,166.9479339980171,2.0,0.03193024078452625,0.0,170,170,170,170,170,170,170,170,170,170,170
GET,/users/search?first_name=%D0%9C&last_name=%D0%9A%D0%BE%D1%80%D0%BE%D0%BB%D0%B5%D0%B2%D0%B0,1,0,80.76486400386784,80.76486400386784,80.76486400386784,80.76486400386784,2.0,0.03193024078452625,0.0,81,81,81,81,81,81,81,81,81,81,81
GET,/users/search?first_name=%D0%9C&last_name=%D0%9A%D1%83%D0%B7%D0%BD%D0%B5%D1%86%D0%BE%D0%B2%D0%B0,1,0,81.85533699725056,81.85533699725056,81.85533699725056,81.85533699725056,2.0,0.03193024078452625,0.0,82,82,82,82,82,82,82,82,82,82,82
GET,/users/search?first_name=%D0%9C&last_name=%D0%9B%D1%8C%D0%B2%D0%BE%D0%B2%D0%B0,1,0,96.202609995089,96.202609995089,96.202609995089,96.202609995089,2.0,0.03193024078452625,0.0,96,96,96,96,96,96,96,96,96,96,96
GET,/users/search?first_name=%D0%9C&last_name=%D0%9C%D0%B0%D0%BA%D0%B0%D1%80%D0%BE%D0%B2%D0%B0,1,0,103.915440995479,103.915440995479,103.915440995479,103.915440995479,2.0,0.03193024078452625,0.0,100,100,100,100,100,100,100,100,100,100,100
GET,/users/search?first_name=%D0%9C&last_name=%D0%9C%D0%B8%D1%85%D0%B0%D0%B9%D0%BB%D0%BE%D0%B2,1,0,222.07937799976207,222.07937799976207,222.07937799976207,222.07937799976207,2.0,0.03193024078452625,0.0,220,220,220,220,220,220,220,220,220,220,220
GET,/users/search?first_name=%D0%9C&last_name=%D0%9D%D0%B8%D0%BA%D0%B8%D1%82%D0%B8%D0%BD,1,0,78.43896400299855,78.43896400299855,78.43896400299855,78.43896400299855,2.0,0.03193024078452625,0.0,78,78,78,78,78,78,78,78,78,78,78
GET,/users/search?first_name=%D0%9C&last_name=%D0%9D%D0%B8%D0%BA%D0%BE%D0%BB%D0%B0%D0%B5%D0%B2%D0%B0,1,0,72.08400099625578,72.08400099625578,72.08400099625578,72.08400099625578,2.0,0.03193024078452625,0.0,72,72,72,72,72,72,72,72,72,72,72
GET,/users/search?first_name=%D0%9C&last_name=%D0%9D%D0%BE%D0%B2%D0%B8%D0%BA%D0%BE%D0%B2%D0%B0,1,0,81.6158679954242,81.6158679954242,81.6158679954242,81.6158679954242,2.0,0.03193024078452625,0.0,82,82,82,82,82,82,82,82,82,82,82
GET,/users/search?first_name=%D0%9C&last_name=%D0%9F%D0%B5%D1%82%D1%80%D0%BE%D0%B2,1,0,151.30931699968642,151.30931699968642,151.30931699968642,151.30931699968642,2.0,0.03193024078452625,0.0,150,150,150,150,150,150,150,150,150,150,150
GET,/users/search?first_name=%D0%9C&last_name=%D0%9F%D0%B5%D1%82%D1%80%D0%BE%D0%B2%D0%B0,1,0,114.40834099630592,114.40834099630592,114.40834099630592,114.40834099630592,2.0,0.03193024078452625,0.0,110,110,110,110,110,110,110,110,110,110,110
GET,/users/search?first_name=%D0%9C&last_name=%D0%9F%D0%B5%D1%82%D1%83%D1%85%D0%BE%D0%B2,1,0,91.90403100365074,91.90403100365074,91.90403100365074,91.90403100365074,2.0,0.03193024078452625,0.0,92,92,92,92,92,92,92,92,92,92,92
GET,/users/search?first_name=%D0%9C&last_name=%D0%9F%D0%BE%D0%BF%D0%BE%D0%B2%D0%B0,1,0,74.20534700213466,74.20534700213466,74.20534700213466,74.20534700213466,2.0,0.03193024078452625,0.0,74,74,74,74,74,74,74,74,74,74,74
GET,/users/search?first_name=%D0%9C&last_name=%D0%A1%D0%BE%D0%BA%D0%BE%D0%BB%D0%BE%D0%B2,1,0,131.25499200396007,131.25499200396007,131.25499200396007,131.25499200396007,2.0,0.03193024078452625,0.0,130,130,130,130,130,130,130,130,130,130,130
GET,/users/search?first_name=%D0%9C&last_name=%D0%A1%D0%BE%D0%BA%D0%BE%D0%BB%D0%BE%D0%B2%D0%B0,1,0,116.84069300099509,116.84069300099509,116.84069300099509,116.84069300099509,2.0,0.03193024078452625,0.0,120,120,120,120,120,120,120,120,120,120,120
GET,/users/search?first_name=%D0%9D&last_name=%D0%93%D0%BB%D0%B5%D0%B1%D0%BE%D0%B2%D0%B0,1,0,76.11953799641924,76.11953799641924,76.11953799641924,76.11953799641924,2.0,0.03193024078452625,0.0,76,76,76,76,76,76,76,76,76,76,76
GET,/users/search?first_name=%D0%9D&last_name=%D0%9A%D0%B0%D0%BB%D0%B0%D1%88%D0%BD%D0%B8%D0%BA%D0%BE%D0%B2,1,0,80.31479800411034,80.31479800411034,80.31479800411034,80.31479800411034,2.0,0.03193024078452625,0.0,80,80,80,80,80,80,80,80,80,80,80
GET,/users/search?first_name=%D0%9D&last_name=%D0%A1%D0%B5%D1%80%D0%B3%D0%B5%D0%B5%D0%B2%D0%B0,1,0,141.995953003061,141.995953003061,141.995953003061,141.995953003061,2.0,0.03193024078452625,0.0,140,140,140,140,140,140,140,140,140,140,140
GET,/users/search?first_name=%D0%9D&last_name=%D0%AE%D0%B4%D0%B8%D0%BD,1,0,71.3685520022409,71.3685520022409,71.3685520022409,71.3685520022409,2.0,0.03193024078452625,0.0,71,71,71,71,71,71,71,71,71,71,71
GET,/users/search?first_name=%D0%9E&last_name=%D0%98%D0%B2%D0%B0%D0%BD%D0%BE%D0%B2%D0%B0,1,0,115.84999899787363,115.84999899787363,115.84999899787363,115.84999899787363,2.0,0.03193024078452625,0.0,120,120,120,120,120,120,120,120,120,120,120
GET,/users/search?first_name=%D0%9E&last_name=%D0%9D%D0%B5%D1%81%D1%82%D0%B5%D1%80%D0%BE%D0%B2,1,0,209.1367269968032,209.1367269968032,209.1367269968032,209.1367269968032,2.0,0.03193024078452625,0.0,210,210,210,210,210,210,210,210,210,210,210
GET,/users/search?first_name=%D0%9F&last_name=%D0%90%D0%BA%D0%B8%D0%BC%D0%BE%D0%B2%D0%B0,1,0,103.82172599929618,103.82172599929618,103.82172599929618,103.82172599929618,2.0,0.03193024078452625,0.0,100,100,100,100,100,100,100,100,100,100,100
GET,/users/search?first_name=%D0%9F&last_name=%D0%90%D0%BD%D1%82%D0%B8%D0%BF%D0%BE%D0%B2%D0%B0,1,0,251.43033399945125,251.43033399945125,251.43033399945125,251.43033399945125,2.0,0.03193024078452625,0.0,250,250,250,250,250,250,250,250,250,250,250
GET,/users/search?first_name=%D0%9F&last_name=%D0%93%D0%B0%D0%BB%D0%BA%D0%B8%D0%BD%D0%B0,1,0,121.4101009973092,121.4101009973092,121.4101009973092,121.4101009973092,2.0,0.03193024078452625,0.0,120,120,120,120,120,120,120,120,120,120,120
GET,/users/search?first_name=%D0%9F&last_name=%D0%93%D1%80%D0%B8%D0%B3%D0%BE%D1%80%D1%8C%D0%B5%D0%B2%D0%B0,1,0,106.60619000555016,106.60619000555016,106.60619000555016,106.60619000555016,2.0,0.03193024078452625,0.0,110,110,110,110,110,110,110,110,110,110,110
GET,/users/search?first_name=%D0%9F&last_name=%D0%9A%D1%83%D0%B7%D0%BD%D0%B5%D1%86%D0%BE%D0%B2%D0%B0,1,0,70.09317500342149,70.09317500342149,70.09317500342149,70.09317500342149,2.0,0.03193024078452625,0.0,70,70,70,70,70,70,70,70,70,70,70
GET,/users/search?first_name=%D0%9F&last_name=%D0%9A%D1%83%D0%BB%D0%B0%D0%B3%D0%B8%D0%BD,1,0,77.63474799867254,77.63474799867254,77.63474799867254,77.63474799867254,2.0,0.03193024078452625,0.0,78,78,78,78,78,78,78,78,78,78,78
GET,/users/search?first_name=%D0%9F&last_name=%D0%A0%D0%BE%D0%BC%D0%B0%D0%BD%D0%BE%D0%B2%D0%B0,1,0,95.1843729999382,95.1843729999382,95.1843729999382,95.1843729999382,2.0,0.03193024078452625,0.0,95,95,95,95,95,95,95,95,95,95,95
GET,/users/search?first_name=%D0%9F&last_name=%D0%A1%D0%BE%D0%B1%D0%BE%D0%BB%D0%B5%D0%B2%D0%B0,1,0,93.62026699818671,93.62026699818671,93.62026699818671,93.62026699818671,2.0,0.03193024078452625,0.0,94,94,94,94,94,94,94,94,94,94,94
GET,/users/search?first_name=%D0%9F&last_name=%D0%A1%D1%83%D1%85%D0%BE%D0%B2%D0%B0,1,0,154.5312579983147,154.5312579983147,154.5312579983147,154.5312579983147,2.0,0.03193024078452625,0.0,150,150,150,150,150,150,150,150,150,150,150
GET,/users/search?first_name=%D0%9F&last_name=%D0%A8%D0%B8%D1%88%D0%BA%D0%B8%D0%BD%D0%B0,1,0,214.58449800411472,214.58449800411472,214.58449800411472,214.58449800411472,2.0,0.03193024078452625,0.0,210,210,210,210,210,210,210,210,210,210,210
GET,/users/search?first_name=%D0%A0&last_name=%D0%9D%D0%B0%D0%B7%D0%B0%D1%80%D0%BE%D0%B2,1,0,107.63483199843904,107.63483199843904,107.63483199843904,107.63483199843904,2.0,0.03193024078452625,0.0,110,110,110,110,110,110,110,110,110,110,110
GET,/users/search?first_name=%D0%A0&last_name=%D0%9D%D0%B8%D0%BA%D0%BE%D0%BB%D0%B0%D0%B5%D0%B2,1,0,114.55047300114529,114.55047300114529,114.55047300114529,114.55047300114529,2.0,0.03193024078452625,0.0,110,110,110,110,110,110,110,110,110,110,110
GET,/users/search?first_name=%D0%A0&last_name=%D0%9F%D0%B0%D0%B2%D0%BB%D0%BE%D0%B2,1,0,71.23706099810079,71.23706099810079,71.23706099810079,71.23706099810079,2.0,0.03193024078452625,0.0,71,71,71,71,71,71,71,71,71,71,71
GET,/users/search?first_name=%D0%A0&last_name=%D0%9F%D0%B8%D1%80%D0%BE%D0%B3%D0%BE%D0%B2,1,0,83.05924500018591,83.05924500018591,83.05924500018591,83.05924500018591,2.0,0.03193024078452625,0.0,83,83,83,83,83,83,83,83,83,83,83
GET,/users/search?first_name=%D0%A1&last_name=%D0%97%D0%B0%D0%B9%D1%86%D0%B5%D0%B2%D0%B0,1,0,90.04878000268945,90.04878000268945,90.04878000268945,90.04878000268945,2.0,0.03193024078452625,0.0,90,90,90,90,90,90,90,90,90,90,90
GET,/users/search?first_name=%D0%A1&last_name=%D0%98%D0%B2%D0%B0%D0%BD%D0%BE%D0%B2%D0%B0,1,0,68.82088300335454,68.82088300335454,68.82088300335454,68.82088300335454,2.0,0.03193024078452625,0.0,69,69,69,69,69,69,69,69,69,69,69
GET,/users/search?first_name=%D0%A1&last_name=%D0%9B%D1%8E%D0%B1%D0%B8%D0%BC%D0%BE%D0%B2%D0%B0,1,0,154.6373430028325,154.6373430028325,154.6373430028325,154.6373430028325,2.0,0.03193024078452625,0.0,150,150,150,150,150,150,150,150,150,150,150
GET,/users/search?first_name=%D0%A1&last_name=%D0%9C%D0%B0%D0%BB%D1%8B%D1%88%D0%B5%D0%B2,1,0,96.25536699604709,96.25536699604709,96.25536699604709,96.25536699604709,2.0,0.03193024078452625,0.0,96,96,96,96,96,96,96,96,96,96,96
GET,/users/search?first_name=%D0%A1&last_name=%D0%9C%D0%B0%D1%80%D0%BA%D0%BE%D0%B2,1,0,219.30048400099622,219.30048400099622,219.30048400099622,219.30048400099622,2.0,0.03193024078452625,0.0,220,220,220,220,220,220,220,220,220,220,220
GET,/users/search?first_name=%D0%A1&last_name=%D0%9C%D0%B0%D1%81%D0%BB%D0%BE%D0%B2%D0%B0,2,0,100.76996400312055,126.58692250261083,100.76996400312055,152.40388100210112,2.0,0.0638604815690525,0.0,150,150,150,150,150,150,150,150,150,150,150
GET,/users/search?first_name=%D0%A1&last_name=%D0%9F%D0%BE%D0%BF%D0%BE%D0%B2%D0%B0,1,0,70.51415400201222,70.51415400201222,70.51415400201222,70.51415400201222,2.0,0.03193024078452625,0.0,71,71,71,71,71,71,71,71,71,71,71
GET,/users/search?first_name=%D0%A1&last_name=%D0%A0%D0%BE%D0%BC%D0%B0%D0%BD%D0%BE%D0%B2%D0%B0,1,0,77.94159699551528,77.94159699551528,77.94159699551528,77.94159699551528,2.0,0.03193024078452625,0.0,78,78,78,78,78,78,78,78,78,78,78
GET,/users/search?first_name=%D0%A1&last_name=%D0%A1%D0%B5%D0%BC%D0%B5%D0%BD%D0%BE%D0%B2%D0%B0,1,0,111.38338500313694,111.38338500313694,111.38338500313694,111.38338500313694,2.0,0.03193024078452625,0.0,110,110,110,110,110,110,110,110,110,110,110
GET,/users/search?first_name=%D0%A1&last_name=%D0%A7%D0%B5%D1%81%D0%BD%D0%BE%D0%BA%D0%BE%D0%B2,1,0,71.21816000289982,71.21816000289982,71.21816000289982,71.21816000289982,2.0,0.03193024078452625,0.0,71,71,71,71,71,71,71,71,71,71,71
GET,/users/search?first_name=%D0%A2&last_name=%D0%98%D0%B2%D0%B0%D0%BD%D0%BE%D0%B2,1,0,117.79259300237754,117.79259300237754,117.79259300237754,117.79259300237754,2.0,0.03193024078452625,0.0,120,120,120,120,120,120,120,120,120,120,120
GET,/users/search?first_name=%D0%A2&last_name=%D0%9A%D0%BE%D0%BB%D0%B5%D1%81%D0%BE%D0%B2,1,0,299.95875200256705,299.95875200256705,299.95875200256705,299.95875200256705,2.0,0.03193024078452625,0.0,300,300,300,300,300,300,300,300,300,300,300
GET,/users/search?first_name=%D0%A2&last_name=%D0%9A%D0%BE%D0%BD%D1%81%D1%82%D0%B0%D0%BD%D1%82%D0%B8%D0%BD%D0%BE%D0%B2,1,0,135.2517440027441,135.2517440027441,135.2517440027441,135.2517440027441,2.0,0.03193024078452625,0.0,140,140,140,140,140,140,140,140,140,140,140
GET,/users/search?first_name=%D0%A2&last_name=%D0%9C%D0%B8%D1%85%D0%B0%D0%B9%D0%BB%D0%BE%D0%B2,1,0,120.56135300372262,120.56135300372262,120.56135300372262,120.56135300372262,2.0,0.03193024078452625,0.0,120,120,120,120,120,120,120,120,120,120,120
GET,/users/search?first_name=%D0%A2&last_name=%D0%9F%D0%BE%D0%BD%D0%BE%D0%BC%D0%B0%D1%80%D0%B5%D0%B2,1,0,158.683788999042,158.683788999042,158.683788999042,158.683788999042,2.0,0.03193024078452625,0.0,160,160,160,160,160,160,160,160,160,160,160
GET,/users/search?first_name=%D0%A2&last_name=%D0%A2%D0%B8%D1%85%D0%BE%D0%BD%D0%BE%D0%B2%D0%B0,1,0,243.34010400343686,243.34010400343686,243.34010400343686,243.34010400343686,2.0,0.03193024078452625,0.0,240,240,240,240,240,240,240,240,240,240,240
GET,/users/search?first_name=%D0%A2&last_name=%D0%A7%D0%B5%D1%80%D0%BD%D0%BE%D0%B2%D0%B0,1,0,160.8920379949268,160.8920379949268,160.8920379949268,160.8920379949268,2.0,0.03193024078452625,0.0,160,160,160,160,160,160,160,160,160,160,160
GET,/users/search?first_name=%D0%A4&last_name=%D0%90%D0%B1%D1%80%D0%B0%D0%BC%D0%BE%D0%B2,1,0,88.52088899584487,88.52088899584487,88.52088899584487,88.52088899584487,2.0,0.03193024078452625,0.0,89,89,89,89,89,89,89,89,89,89,89
GET,/users/search?first_name=%D0%A4&last_name=%D0%98%D0%BB%D1%8C%D0%B8%D0%BD,1,0,91.56651700322982,91.56651700322982,91.56651700322982,91.56651700322982,2.0,0.03193024078452625,0.0,92,92,92,92,92,92,92,92,92,92,92
GET,/users/search?first_name=%D0%A4&last_name=%D0%A1%D0%BE%D0%BB%D0%BE%D0%B2%D1%8C%D0%B5%D0%B2,1,0,76.88306899945019,76.88306899945019,76.88306899945019,76.88306899945019,2.0,0.03193024078452625,0.0,77,77,77,77,77,77,77,77,77,77,77
GET,/users/search?first_name=%D0%AE&last_name=%D0%9C%D0%B0%D0%BA%D0%B5%D0%B5%D0%B2%D0%B0,1,0,121.87138599983882,121.87138599983882,121.87138599983882,121.87138599983882,2.0,0.03193024078452625,0.0,120,120,120,120,120,120,120,120,120,120,120
GET,/users/search?first_name=%D0%AF&last_name=%D0%92%D0%BE%D1%80%D0%BE%D0%B1%D1%8C%D0%B5%D0%B2,1,0,128.83431099908194,128.83431099908194,128.83431099908194,128.83431099908194,2.0,0.03193024078452625,0.0,130,130,130,130,130,130,130,130,130,130,130
GET,/users/search?first_name=%D0%AF&last_name=%D0%A2%D1%80%D0%BE%D0%B8%D1%86%D0%BA%D0%B8%D0%B9,1,0,75.741842003481,75.741842003481,75.741842003481,75.741842003481,2.0,0.03193024078452625,0.0,76,76,76,76,76,76,76,76,76,76,76
,Aggregated,183,0,110.0,127.7060699838012,68.82088300335454,327.2118690001662,2.0,5.843234063568303,0.0,110,130,150,160,220,250,300,300,330,330,330
